reranking_method,description,metric_precision_at_1,metric_precision_at_3,metric_precision_at_5,metric_recall_at_3,metric_recall_at_5,metric_mrr,metric_answer_precision,metric_answer_recall,metric_faithfulness,metric_citation_rate,metric_answer_correctness,metric_precision,metric_recall,reranking_time_sec,queries_per_second
cross_encoder,Cross-encoder reranking,1.0,0.9333333333333332,0.8400000000000002,0.22,0.3166666666666666,1.0,,,,,,,,20.187553485234577,0.2619337719167467
cross_encoder_fusion,Fusion of vector and cross-encoder rankings,1.0,0.8666666666666666,0.8400000000000002,0.20333333333333328,0.3166666666666666,1.0,,,,,,,,17.354916016260784,0.29085860777032874
hybrid_fusion,Fusion of vector and BM25 rankings,1.0,0.9333333333333332,0.8400000000000002,0.22,0.3166666666666666,1.0,,,,,,,,15.89322837193807,0.4966262360626819
keyword_fusion,Keyword and semantic fusion,0.8000000000000002,0.2666666666666666,0.16,0.0649999999999999,0.0649999999999999,0.8000000000000002,,,,,,,,23.174375613530476,0.2330824252681308
llm_reranking,LLM-based reranking,0.9333333333333332,0.8666666666666667,0.8533333333333334,0.19777777777777775,0.32999999999999996,0.9666666666666667,,,,,,,,8.651623964309692,0.6742880678426553
multi_stage,Multi-stage reranking pipeline,0.8000000000000002,0.2666666666666666,0.16,0.0649999999999999,0.0649999999999999,0.8000000000000002,,,,,,,,18.478780508041382,0.28317671620224244
no_reranking,Base retrieval without reranking,1.0,0.8666666666666666,0.8400000000000002,0.20333333333333328,0.3166666666666666,1.0,,,,,,,,8.636751810709635,0.6299294585587658
